{
    "name": "AzureDatabricks",
    "type": "Microsoft.DataFactory/factories/linkedservices",
    "properties": {
        "annotations": [],
        "type": "AzureDatabricks",
        "typeProperties": {
            "domain": "https://adb-1681117379502421.1.azuredatabricks.net",
            "accessToken": {
                "type": "AzureKeyVaultSecret",
                "store": {
                    "referenceName": "keys",
                    "type": "LinkedServiceReference"
                },
                "secretName": "Token"
            },
            "existingClusterId": "1025-060032-frbtg41f"
        }
    }
}