{
    "name": "on_premise_connection",
    "type": "Microsoft.DataFactory/factories/linkedservices",
    "properties": {
        "annotations": [],
        "type": "SqlServer",
        "typeProperties": {
            "server": "MOAAZ74",
            "database": "Prison_DB",
            "encrypt": "mandatory",
            "trustServerCertificate": true,
            "authenticationType": "SQL",
            "userName": "azureUser",
            "password": {
                "type": "AzureKeyVaultSecret",
                "store": {
                    "referenceName": "keys",
                    "type": "LinkedServiceReference"
                },
                "secretName": "password"
            }
        },
        "connectVia": {
            "referenceName": "SHIR",
            "type": "IntegrationRuntimeReference"
        }
    }
}