{
    "name": "DailyIngestionSchedule",
    "properties": {
        "annotations": [],
        "runtimeState": "Started",
        "pipelines": [
            {
                "pipelineReference": {
                    "referenceName": "Data Integration Pipeline",
                    "type": "PipelineReference"
                }
            }
        ],
        "type": "ScheduleTrigger",
        "typeProperties": {
            "recurrence": {
                "frequency": "Day",
                "interval": 1,
                "startTime": "2024-10-26T00:00:00",
                "timeZone": "Egypt Standard Time",
                "schedule": {
                    "minutes": [
                        0
                    ],
                    "hours": [
                        0
                    ]
                }
            }
        }
    }
}