{
    "now": "2024-10-25T13:59:37.836Z",
    "perfNow": 124600.59999999404,
    "diagnosticCorrelation": "9bc34906-2782-41d5-9ac2-53e927cc7f1a",
    "source": "DownloadSupportFiles",
    "environment": {
        "productName": "adf",
        "buildVersion": "1.0.101424.2",
        "environmentType": 3,
        "resourceName": "adf-data-integration",
        "resourceRegion": "uaenorth",
        "resourceGroup": "rg-prisonproject",
        "subscriptionId": "7339ee66-e4c1-4ca8-bbc5-a8110ffb7910",
        "sessionId": "4YwXuulmIrvyXXVNo+TAgu",
        "operationId": "",
        "gitType": "live",
        "loggingKey": "7d580c99-ccf1-4836-99cf-b5c2d6421711"
    },
    "additionalInfo": {
        "selectedResource": "Data Integration Pipeline",
        "selectedResourceType": "pipeline"
    }
}